{"version":0.3,"status":0,"route_summary":{"total_distance":32097,"total_time":1654,"start_point":"US250Business\/W Main St","end_point":"Unknown road near Scottsville"},"route_geometry":[[38.03249,-78.494278],[38.032108,-78.492577],[38.031979,-78.492012],[38.03196,-78.491913],[38.0317,-78.490807],[38.031441,-78.489769],[38.031429,-78.489708],[38.031078,-78.488358],[38.030891,-78.487633],[38.030621,-78.48658],[38.03054,-78.486214],[38.03051,-78.486038],[38.030491,-78.485832],[38.030491,-78.485657],[38.03051,-78.485519],[38.030529,-78.485382],[38.03056,-78.485222],[38.030239,-78.485252],[38.030159,-78.485283],[38.02964,-78.485512],[38.029621,-78.485527],[38.029461,-78.485603],[38.029369,-78.485649],[38.02869,-78.486053],[38.028141,-78.484489],[38.02808,-78.484322],[38.027802,-78.483513],[38.027729,-78.483337],[38.027699,-78.483253],[38.027599,-78.483047],[38.0275,-78.482887],[38.027401,-78.482758],[38.027309,-78.482658],[38.027,-78.482384],[38.02676,-78.482162],[38.026459,-78.48185],[38.026329,-78.481712],[38.026211,-78.481598],[38.02607,-78.481491],[38.025951,-78.481407],[38.025822,-78.481339],[38.0257,-78.481247],[38.025661,-78.481209],[38.025139,-78.480682],[38.025051,-78.480583],[38.02499,-78.480499],[38.024849,-78.480263],[38.024368,-78.479149],[38.024158,-78.478699],[38.024052,-78.47847],[38.023609,-78.477539],[38.023331,-78.476936],[38.022968,-78.476158],[38.022881,-78.47596],[38.022739,-78.475662],[38.022579,-78.47538],[38.02235,-78.474983],[38.022221,-78.474792],[38.022141,-78.474701],[38.02203,-78.474602],[38.021889,-78.474487],[38.021721,-78.474373],[38.02153,-78.474258],[38.02137,-78.474167],[38.021198,-78.474113],[38.021042,-78.47406],[38.02084,-78.474007],[38.020618,-78.473984],[38.02042,-78.473984],[38.020191,-78.473999],[38.02005,-78.474007],[38.019939,-78.474037],[38.019798,-78.474091],[38.019669,-78.474159],[38.019138,-78.474541],[38.018372,-78.47509],[38.017601,-78.475647],[38.017441,-78.475761],[38.017349,-78.475807],[38.017231,-78.475838],[38.017132,-78.475853],[38.017029,-78.475838],[38.01693,-78.475807],[38.016819,-78.475754],[38.01675,-78.4757],[38.016491,-78.475456],[38.016338,-78.475372],[38.016041,-78.475143],[38.015961,-78.47509],[38.01577,-78.474991],[38.015598,-78.474907],[38.015461,-78.474876],[38.015301,-78.474831],[38.015129,-78.474823],[38.014931,-78.474808],[38.014809,-78.474823],[38.014591,-78.474838],[38.01442,-78.474876],[38.014339,-78.474907],[38.014011,-78.47506],[38.013302,-78.475487],[38.012981,-78.475677],[38.012829,-78.475761],[38.010551,-78.477127],[38.01022,-78.477318],[38.00835,-78.478447],[38.007278,-78.47908],[38.007172,-78.479149],[38.007069,-78.47921],[38.005482,-78.480164],[38.00449,-78.480751],[38.00425,-78.480881],[38.003979,-78.481033],[38.00383,-78.481102],[38.003391,-78.481293],[38.002819,-78.481522],[38.00256,-78.481621],[38.002258,-78.481773],[38.001862,-78.481979],[38.001289,-78.4823],[38.000961,-78.482483],[38.00087,-78.482521],[38.000679,-78.48262],[38.000019,-78.482918],[37.999889,-78.482986],[37.999741,-78.483101],[37.99963,-78.483192],[37.999519,-78.483307],[37.999458,-78.483398],[37.999371,-78.483543],[37.999039,-78.484154],[37.99889,-78.484398],[37.998749,-78.484596],[37.99865,-78.484734],[37.99855,-78.48484],[37.998428,-78.484917],[37.99831,-78.485001],[37.998268,-78.485023],[37.998241,-78.485039],[37.998199,-78.485062],[37.99749,-78.485397],[37.996029,-78.486076],[37.99548,-78.486343],[37.995239,-78.486473],[37.99511,-78.486549],[37.995041,-78.486588],[37.994919,-78.486679],[37.99485,-78.48674],[37.99472,-78.486862],[37.99461,-78.486992],[37.99448,-78.48719],[37.993969,-78.488083],[37.993801,-78.488373],[37.99345,-78.48893],[37.993431,-78.488953],[37.993172,-78.489403],[37.993031,-78.489693],[37.99292,-78.489937],[37.992779,-78.490303],[37.992661,-78.490677],[37.992561,-78.491096],[37.992199,-78.492661],[37.99202,-78.493523],[37.991879,-78.494263],[37.991829,-78.494522],[37.99176,-78.494827],[37.991699,-78.495018],[37.991581,-78.495483],[37.991299,-78.496429],[37.991268,-78.496536],[37.99118,-78.496803],[37.991131,-78.49691],[37.9911,-78.497009],[37.991001,-78.497208],[37.990898,-78.497391],[37.990688,-78.497704],[37.990429,-78.49807],[37.99017,-78.49839],[37.98996,-78.498657],[37.98975,-78.498962],[37.989689,-78.499062],[37.989262,-78.499763],[37.989151,-78.499924],[37.989052,-78.500053],[37.98888,-78.500259],[37.988731,-78.500412],[37.988251,-78.500847],[37.98735,-78.501678],[37.987099,-78.501907],[37.98698,-78.501991],[37.986889,-78.502083],[37.986752,-78.502167],[37.986389,-78.502434],[37.98539,-78.503113],[37.98513,-78.503304],[37.98484,-78.503517],[37.984661,-78.50367],[37.98436,-78.503922],[37.98344,-78.504707],[37.982941,-78.505127],[37.982689,-78.505363],[37.982059,-78.505959],[37.981682,-78.506332],[37.980911,-78.507103],[37.98053,-78.507462],[37.980141,-78.50782],[37.980011,-78.507927],[37.979542,-78.508324],[37.97934,-78.508499],[37.979198,-78.508636],[37.97908,-78.508774],[37.978951,-78.508926],[37.978779,-78.509163],[37.978359,-78.509697],[37.978142,-78.509972],[37.977871,-78.510277],[37.977509,-78.510696],[37.977261,-78.510986],[37.977242,-78.511009],[37.977051,-78.511223],[37.976849,-78.511414],[37.976669,-78.511574],[37.97649,-78.511711],[37.976299,-78.511833],[37.976219,-78.511871],[37.976002,-78.511963],[37.975769,-78.512032],[37.975559,-78.512077],[37.97538,-78.512093],[37.975262,-78.512093],[37.974751,-78.512108],[37.973969,-78.512108],[37.97319,-78.512123],[37.972961,-78.512131],[37.972771,-78.512161],[37.97274,-78.512169],[37.97253,-78.51223],[37.972309,-78.512321],[37.97224,-78.512352],[37.97205,-78.512466],[37.971531,-78.512756],[37.97118,-78.512993],[37.971062,-78.513077],[37.971008,-78.51313],[37.970951,-78.513191],[37.970791,-78.513351],[37.970741,-78.513397],[37.97052,-78.513657],[37.96973,-78.51458],[37.96954,-78.514778],[37.969379,-78.514931],[37.968922,-78.515343],[37.968811,-78.51545],[37.968712,-78.515587],[37.968529,-78.515862],[37.96843,-78.515999],[37.968281,-78.516167],[37.968201,-78.516251],[37.968071,-78.516373],[37.967731,-78.516647],[37.967121,-78.517151],[37.96656,-78.517647],[37.966351,-78.51783],[37.96624,-78.517906],[37.96608,-78.518028],[37.96587,-78.518173],[37.96563,-78.518288],[37.96545,-78.518379],[37.96524,-78.518448],[37.965172,-78.518471],[37.96489,-78.518547],[37.96442,-78.518646],[37.964149,-78.518738],[37.96384,-78.518852],[37.963619,-78.518959],[37.963531,-78.518997],[37.96315,-78.519234],[37.962799,-78.519478],[37.962589,-78.519653],[37.962479,-78.51976],[37.962269,-78.519974],[37.961769,-78.520576],[37.96154,-78.520882],[37.96146,-78.521004],[37.961391,-78.521103],[37.961319,-78.521233],[37.96096,-78.521889],[37.96069,-78.522278],[37.960361,-78.522697],[37.959808,-78.523376],[37.959049,-78.524353],[37.95871,-78.52478],[37.958481,-78.525017],[37.958309,-78.5252],[37.95784,-78.52565],[37.957191,-78.52626],[37.956909,-78.526543],[37.956551,-78.526871],[37.956001,-78.527412],[37.955799,-78.527603],[37.955521,-78.527893],[37.955292,-78.528168],[37.955078,-78.528427],[37.95483,-78.528732],[37.954601,-78.529037],[37.954208,-78.529503],[37.95409,-78.529633],[37.95388,-78.529861],[37.95377,-78.529961],[37.953621,-78.530113],[37.953159,-78.530571],[37.952229,-78.531487],[37.9515,-78.532242],[37.95116,-78.532578],[37.95034,-78.533386],[37.95018,-78.533562],[37.949982,-78.533737],[37.949928,-78.533783],[37.949879,-78.533821],[37.94976,-78.53389],[37.949631,-78.533951],[37.949532,-78.533981],[37.949421,-78.533997],[37.948891,-78.534027],[37.94878,-78.53405],[37.94862,-78.534103],[37.948479,-78.534157],[37.94841,-78.534203],[37.948071,-78.534477],[37.94783,-78.53466],[37.947651,-78.534767],[37.947491,-78.534851],[37.947239,-78.53495],[37.947029,-78.535011],[37.946819,-78.535057],[37.94664,-78.535072],[37.946129,-78.53511],[37.94603,-78.535118],[37.94577,-78.535149],[37.945648,-78.535172],[37.945461,-78.535233],[37.945259,-78.535316],[37.945091,-78.535408],[37.944889,-78.535538],[37.944309,-78.535973],[37.944061,-78.536163],[37.943821,